model,dataset,MAD,MSE,RMSE
Linear Regression,Red,0.5035304415524374,0.39002514396395493,0.624519930798013
Linear Regression,White,0.5862665383250466,0.5690247717229252,0.7543373063311434
