model,dataset,MAD,MAD_std,MSE,RMSE,cv_method
SVM,Red,0.460068279573162,0.02137591818209059,0.3915916668633196,0.6251555487914007,5-fold x 20
SVM,White,0.5169565043345248,0.010564733243760638,0.47367244330122765,0.6880912016179349,5-fold x 20
