model,dataset,MAD,MAD_std,MSE,RMSE,cv_method
XGBoost,Red,0.448910790681839,0.016190607978594042,0.363969486951828,0.6030002118579258,5-fold
XGBoost,White,0.5077037513256073,0.01318773548582075,0.4384359657764435,0.6619161197937584,5-fold
