model,dataset,MAD,MSE,RMSE
XGBoost,Red,0.461841881275177,0.3512391149997711,0.592654296364897
XGBoost,White,0.499252051115036,0.4150218963623047,0.6442219309852038
